review_id,product_id,title,author,rating,content,timestamp,profile_id,is_verified,helpful_count,product_attributes
R2SSSH04J4J264,B0D4SX9RC6,5.0 out of 5 stars Really nice portable speaker for the price. Solid buy!,Bruce C,5,"Needed a new portable speaker for the home setup and once I saw that Beats (read: Apple) came out with the new Beats Pill, I bit the bullet and purchased one.First things first, the unboxing experience and the design of the speaker is quintessentially Apple. Speaker has a nice heft to it and the design of the speaker is really nice, with the angled design, and the speakers facing you.If you are in the Apple Ecosystem, this speaker was made for you as it connects to your iPhone the minute you turn it on with a very satisfying screen animation. I'm told you can easily connect with an Android product too but I didn't have one in hand to test out how easy it was.The sound quality of this speaker is really great for its size, living up to the Beats name, filling the room with punchy bass and crystal clear sound. Rated IP67 meaning it is dust and water resistant, so you can feel confident taking it to your next beach party or when you are traveling. Battery life of this thing is stated at a whopping 24 hrs. I'll definitely be testing that claim, but if true, is completely mind blowing.But what sets this speaker apart, and one of the main reasons why I bought it, is that it also doubles as a speakerphone!!! I can connect this badboy to my laptop, and take crystal clear Teams calls with it all day at work. And when I'm done with my calls, since it is connected to my laptop via USB-C, I can listen to lossless music on Apple Music. Mind...blown!Run, don't walk, to buy this awesome speaker!!","Reviewed in the United States July 1, 2024",AFVM53KRAU5JC462ZZDBBKTESPGA,True,18,Color: Statement RedStyle: PillPattern: Without AppleCare+
R935PCZ92UVGL,B0D4SX9RC6,5.0 out of 5 stars Very Happy,B. Hinson,5,"We bought this for a trip to the beach and it did not disappoint. Quick easy connection to our phones, good sound quality, solid build and long battery life. We have since found ourselves grabbing it instead of our existing outdoor speakers for using on the back patio. One feature we did not think we would use but really like is the speaker phone function. It is really nice for conversations with family that multiple people want to be involved in. Better then iPhone speaker phone alone.","Reviewed in the United States September 5, 2024",AFPN35SDBWBDQAGNSNQJQPQH5C2Q,True,0,Color: Champagne GoldStyle: PillPattern: Without AppleCare+
R4BQHA0TLLJNN,B0D4SX9RC6,5.0 out of 5 stars The best Speaker I have ever bought in my life!,Leox,5,"I really like the new Beats Pill 2024 speaker. The sound quality is amazing with great bass and clear vocals. It's small, stylish, and easy to carry around, which is perfect for when I'm on the go.The battery lasts a long time, even with heavy use, and connecting it to my devices with Bluetooth is super easy. The design looks good and fits well with any room or setup.The only downside is that there isn't an app to control the speaker. It would be nice to have an app to adjust settings, check battery life, and manage connections. Even without this, the Beats Pill 2024 is a fantastic speaker that I highly recommend.","Reviewed in the United States July 11, 2024",AEUCX7EIPTMCFN4OJBZHL2OYSVKQ,True,8,Color: Champagne GoldStyle: PillPattern: Without AppleCare+
R39X7USU3OX34C,B0D4SX9RC6,5.0 out of 5 stars Really good,Justin,5,"So I‚Äôm super picky about sound and have spent a decent amount of money over the years finding good speakers. I was currently using the B&O Bluetooth speaker which is really good and is a bit more money than this. Prior I had Bose and some of other brands. Compared to all of them this is an amazing speaker for the price point. Bass is great. Clarity is great. Build quality is great. You can even hook it up via usb c to get lossless music. I didnt notice much a difference that way. Also if your in the apple eco system it works like AirPods where you can switch between devices and also locate the speaker via find my. Note I have also tried both of the newest beats over ear headphones and hated them, so I was surprised that this was as good as it is.","Reviewed in the United States July 8, 2024",AFSZPNTTLYCLNP536L6VS6UMFTNQ,True,7,Color: Statement RedStyle: PillPattern: Without AppleCare+
R2EVRTXO9M1YF7,B0D4SX9RC6,4.0 out of 5 stars Is it the JBL killer?,Tommy,4,"I bought this because it was on sale, and I always wanted a beats pill.I am a JBL user, and firmly stand by their quality and sound.Does this compete with Flip 6? Absolutely.Does it compete with Charge 4 or 5? Definitely not.Heres whySound: i purchased the Black Pill, right out of the box it is versatile in the sense it matches anything you have. I could‚Äôve went with Champagne as well and would‚Äôve also fit. I compared to flip 6 right away, it is Brighter, crisper and deeper bass at 50% volume and lower.However at above 50% the bass becomes muddy, it has this weird flutter sound to it. The Flip 6 Still Sounds great at 50% and lower just it sounds a little quieter and less vibrant compared to the Pill.The Charge 4 and 5 are bigger speakers and has bigger woofers.The pill is definitely very portable, great performance and most definitely great value for the money.Maybe later down the road i will purchase another for stereo sound bars for our TV.","Reviewed in the United States July 23, 2024",AHAMVBSECCNUJMQV6A3BO3A3HNMA,True,5,Color: Matte BlackStyle: PillPattern: Without AppleCare+
R1BHCCLK5GZ5VZ,B0D4SX9RC6,5.0 out of 5 stars Beats Pill,Gregory Stratman,5,"I love the size, weight and quality of my Pill! It delivers good, deep base and enhances my listening beautifully! I recommend this speaker to anyone who loves music and true sound!!","Reviewed in the United States August 2, 2024",AHCXUEC2FLLJ3S6F762OSBZJRDPA,True,5,Color: Matte BlackStyle: PillPattern: Without AppleCare+
R26LL57PKV8KR5,B0D4SX9RC6,5.0 out of 5 stars Beats pill,Jewels,5,"The sound on this is like having a stereo with you. Crisp, clear sound, and easy to use.","Reviewed in the United States September 1, 2024",AEHRQAFGWSQYA4HOPI62OVHCFDZQ,True,0,Color: Matte BlackStyle: PillPattern: Without AppleCare+
R3EOM3PFJ90D5Y,B0D4SX9RC6,"3.0 out of 5 stars Good design, but bass distortion",Daniel,3,"The new pill looks awesome, and built extremely well... The tone when pairing emits a very low end bass note that gets you excited for the performance expected from Beats... However, with this being said, the performance is only half of what I hoped... the programmed sound processing limits using an external eq as boosted bass significantly drops the volume at each note, which is sad because pill doesn't have an eq in its app at all.... the sound you get between 40 percent and lower is where this shines, mids are clear and neutral, highs are clear and crisp without any harshness, and there is a slight amount of low end at lower volume, but past halfway volume and the bass distorts and the programming takes over to then roll off the bass and then it's mostly just mids and highs.... They seriously could've added a passive radiator to the back of this thing and then would have something here.... All this, and the package arrived with the box already opened.... not too excited about my purchase....","Reviewed in the United States July 2, 2024",AHAIN2MT2BFGIAXCVJCMTI6NEDGA,True,6,Color: Matte BlackStyle: PillPattern: Without AppleCare+
RTDXQGCW5S0SA,B0D4SX9RC6,4.0 out of 5 stars Almost perfect,Scooley,4,"I bought the new pill mainly to use wired for my gaming handhelds ROG Ally X and Steam Deck. Most Bluetooth speakers today are lacking AUX ports and any type of direct connection. Bluetooth audio is delayed which is annoying when playing a game or watching a video.CON: Only 4 stars instead of 5 because to use this wired you need to hold down the power button when you plug in the USB-C cable, so essentially, I have to do this every day. It's annoying and almost was almost a deal breaker. I've just gotten used to unplugging it when I take my handheld off the dock, it's nice that it powers off immediately when unplugged, so there's that, I guess.PRO: The new Beats Pill sounds good, it's better than a lot of other Bluetooth speakers I've had. Being in the Apple ecosystem it's nice that it's interconnected with my devices. One not so well-known feature is that you can change the volume of the tones the speaker makes when it turns on or off. Use an IOS device, go into settings in Bluetooth and Accessibility. Having a low volume tone is soo much better!","Reviewed in the United States August 13, 2024",AHRRPRN7Y4X3UP2Z3YN6EWQJCUVQ,True,3,Color: Matte BlackStyle: PillPattern: Without AppleCare+
R10YJBZGOB4SBS,B0D4SX9RC6,4.0 out of 5 stars No App for IOS. No way to disable loud startup/poweroff tones,Kindle in Hawaii,4,"Love these speakers, but Apple seemed to have made a bit screw up.The speaker makes a very loud startup and power down sound. NO way to turn them off.Also, Apple does NOT have an IOS version of Beats that will support the Beats Pill 2024. Instead, only supports the old Beats Pill+.Totally confusing! Big oversight by Apple. Hope they will get around someday to updating or creating a new app or just add this functionality inside the existing IOS to support disabling of these tones.","Reviewed in the United States August 15, 2024",AEF7JE6TACESBPXTYHKCLUEIJVFA,True,0,Color: Champagne GoldStyle: PillPattern: Without AppleCare+
R1M5XRE8PLEVIL,B0D4SX9RC6,5.0 out of 5 stars Beats Pill,DCF,5,"I so glad I finally got one, I‚Äôve been wanting one forever. Let me tell you this It doesn‚Äôt disappoint, it‚Äôs laid and clear. Well worth the money for the battery life and performance you get for it.","Reviewed in the United States September 5, 2024",AHU4A2NTGBQFW24HDYQ5L4K6GUTQ,True,0,Color: Matte BlackStyle: PillPattern: Without AppleCare+
RVUJXN8097BXF,B0D4SX9RC6,"4.0 out of 5 stars Don‚Äôt drop it, will dent the speaker grill",Cavel,4,"It sounds amazing but don‚Äôt drop it from even low heights, it will dent the speaker grill though this does not affect the functionality or sound.","Reviewed in the United States August 28, 2024",AFHQTY3WLN7ZW5KVND63M2KAVRWA,True,0,Color: Champagne GoldStyle: PillPattern: Without AppleCare+
R3UIYXCSIGN1Y5,B0D4SX9RC6,5.0 out of 5 stars Sonido,D,5,"Excelente compra, gran sonido y duraci√≥n de la bater√≠a","Reviewed in the United States September 6, 2024",AED47S4I7LOCZJQZ57ZAMOBJRHCA,True,0,Color: Statement RedStyle: PillPattern: Without AppleCare+
RI0GQH5ESJ58G,B0D4SX9RC6,4.0 out of 5 stars Impressive,Amazon Customer,4,Nice set of speakers! I purchased two for stereo and to pair to my Apple TV. They work great and the battery seems to last a long time.,"Reviewed in the United States August 16, 2024",AH4IBXDEJLSCMKQZ23IHL4GYP2GA,True,0,Color: Matte BlackStyle: PillPattern: Without AppleCare+
R15DPG5XIBZL20,B0D4SX9RC6,5.0 out of 5 stars The sound is amazing,Dizzo,5,This speaker is for small group workouts. Love it. Nice and loud,"Reviewed in the United States August 31, 2024",AGT2QQ4ORTDEQ4I2LOQNJ23PPIJQ,True,1,Color: Champagne GoldStyle: PillPattern: Without AppleCare+
RQVQMDDD6WY10,B0D4SX9RC6,5.0 out of 5 stars Great investment,Eric Littles,5,The Beats Pills Speaker has an amazing music flow and is easy to move around,"Reviewed in the United States August 28, 2024",AGPKXBSCGU5MLNA2KW6E4HTB32JA,True,0,Color: Champagne GoldStyle: PillPattern: Without AppleCare+
R80GG11MYLION,B0D4SX9RC6,5.0 out of 5 stars Awesome sound!,Amazon Customer,5,This pill sounds fantastic & it‚Äôs quite loud for its size. Looks great too! Love the vibrant red color & the bass is BOOMIN!,"Reviewed in the United States August 19, 2024",AHQQPE42WN5Z3JTTSKU52GXD5DOQ,True,0,Color: Statement RedStyle: PillPattern: Without AppleCare+
R11FZOLRBHV6ZW,B0D4SX9RC6,5.0 out of 5 stars BETTER THAN ALL THE NEW GARBAGE QUALITY NEW BEATS SOLO 4 AND STUDIO PRO SERIES,Ack Ack Ack,5,Only thing worth buying,"Reviewed in the United States August 31, 2024",AEEITQ533KTNZA6KVTWMB6YZ4NRQ,True,0,Color: Statement RedStyle: PillPattern: Without AppleCare+
R1QSAGA565X86P,B0D4SX9RC6,5.0 out of 5 stars Simply amazing,Britney Davis,5,"This little speaker is LOUD, amazing sound quality! Highly recommend","Reviewed in the United States August 23, 2024",AGEIVOTZWWY6CTFVHEZGLE7ZODXA,True,0,Color: Champagne GoldStyle: PillPattern: Without AppleCare+
R1CBPM852HPHVW,B0D4SX9RC6,5.0 out of 5 stars Beats by Dre pill,Jose Cabrera,5,"The media could not be loaded. Hey guys, so I just received mine right now and I just barely ordered it not a few hours ago. I gotta say excellent delivery package came in well condition and brand new. What can I say? I thought the speaker was going to be a little bit smaller but it‚Äôs actually the right perfect size !$! Precisely myself A big fan of Dr. Dre beats I gotta say Excellent job in bringing back the beats pill ! üíØüí™üèÜ Can‚Äôt wait to test this bad boy Specially, for work So go get yourself one if you haven‚Äôt so‚Ä¶.i am Definitely gonna buy myself another one next payday.","Reviewed in the United States August 15, 2024",AFQWPDA6CRIRC3G4BDA6ZHZRBYFQ,True,1,Color: Matte BlackStyle: PillPattern: Without AppleCare+
REZL9ZZRLRANY,B0D4SX9RC6,5.0 out of 5 stars Great Sound,Mark G,5,Perfect sounds and a single charge last a long time. My favorite portable speaker purchase to date.,"Reviewed in the United States August 17, 2024",AGODFH7VRE4BAOYHZMFTJ3FHIB3A,True,0,Color: Matte BlackStyle: PillPattern: Without AppleCare+
R172ODWJHF6PC5,B0D4SX9RC6,5.0 out of 5 stars Premium portable speaker,John S.,5,"My original Wonderboom finally gave up so I bought the Beats Pill. I was blown away by the balanced sound for all genre of music. Bass is well balanced with Treble and does not try to be more than what a small speaker can do. Very impressed, and highly recommend this speaker.","Reviewed in the United States July 28, 2024",AFJKZEYD2VZSI2NO3JZNMA4XX4RA,True,1,Color: Matte BlackStyle: PillPattern: Without AppleCare+
RE0M07EWNPKA2,B0D4SX9RC6,5.0 out of 5 stars 5,ruben,5,Buenardo,"Reviewed in the United States August 26, 2024",AFQJ4NIJGXRYA7HNO3E2YZ67DKRQ,True,0,Color: Matte BlackStyle: PillPattern: Without AppleCare+
R3SO3HMV0YC0WB,B0D4SX9RC6,5.0 out of 5 stars Beats pill,Bryan Pennington,5,"Great product, also very sturdy it survived a drop with only a little cosmetic damage. Otherwise it works great and is loud with alot of bass","Reviewed in the United States August 6, 2024",AH6XBZHLROVWE5R25OTBLS2F4CEQ,True,1,Color: Champagne GoldStyle: PillPattern: Without AppleCare+
RTNH253L7VMLS,B0D4SX9RC6,5.0 out of 5 stars Wow,Charles Palmer,5,This thing hits you will not be disappointed,"Reviewed in the United States August 15, 2024",AHXVCAZ7J7XFQAT5GBOT2KXUDE2A,True,0,Color: Matte BlackStyle: PillPattern: Without AppleCare+
R102ZHXOOGDR18,B0D4SX9RC6,5.0 out of 5 stars Amazing sound for the size,Maxy D,5,"This 2 pound speaker sounds insane for its size. It‚Äôs almost as loud as my jbl Xtreme 2. At lower volumes the music is balanced and you can hear details in the notes that definitely sound high-fi and high end. Well worth 150, better yet buy two for 300.","Reviewed in the United States July 19, 2024",AHNNPIFNRYHXRAOIN2G7WIJQDWEA,True,5,Color: Champagne GoldStyle: PillPattern: Without AppleCare+
R1B7HEBA1M0NLY,B0D4SX9RC6,5.0 out of 5 stars Works great,Jcapp4,5,"Great sound, great battery life.","Reviewed in the United States August 14, 2024",AF5GIGOSF6FJAOCG5HCZVTEUEWSA,True,2,Color: Statement RedStyle: PillPattern: Without AppleCare+
RCI44S9GIONYQ,B0D4SX9RC6,5.0 out of 5 stars Need a pill?,MzHenderson,5,Best one yet! This thing puts out good music!,"Reviewed in the United States August 8, 2024",AE7HWBSLCFFQIFBNBUBY77EKYC3Q,True,1,Color: Matte BlackStyle: PillPattern: Without AppleCare+
R2GXSMDM76M1NO,B0D4SX9RC6,5.0 out of 5 stars Amazing sound quality and worth the money,Arjun Mohan Kumar,5,I have been using the beats pill 2024 for the last couple of days and it has been a really good sounding speaker. It outclasses other speakers in the price range and even few of the larger party speakers. The volume of this speaker is mind blowing though it might be bit harsh in a closed room. Bass is absolutely great and overall the speaker is very balanced. It is worth every penny.,"Reviewed in the United States June 30, 2024",AFDIEYKPJMB43TMN4ALTGPWB5GUQ,True,2,Color: Matte BlackStyle: PillPattern: Without AppleCare+
R3M5VB492MOE7C,B0D4SX9RC6,5.0 out of 5 stars New Beats Pill is awesome!,Albert Gatto,5,"This speaker has incredible sound and bass for its size. In fact it sounds much better than my Sonos Roam 2 and JBL Flip 6, which the latter I‚Äôve always considered a good sounding speaker. The microphone is a great addition for calls. You won‚Äôt be disappointed with this speaker. Thinking about buying another to pair in stereo. I wish they had an app for this Beats speaker with EQ. The Pill+ app doesn‚Äôt seem tonairj with the new Pill.Update: purchased another to pair in stereo. Incredible sound!","Reviewed in the United States June 29, 2024",AHFQM5SAW3MYYQ4D6L7RUL6RMFNQ,True,12,Color: Matte BlackStyle: PillPattern: Without AppleCare+
R2X53YPA5DOWWJ,B0D4SX9RC6,5.0 out of 5 stars If You Like It Loud,Mike,5,Excellent sound and clarity even at the highest volume.,"Reviewed in the United States July 29, 2024",AGTTGJDZD6Q2TBOJH62NYI2UKPFQ,True,1,Color: Champagne GoldStyle: PillPattern: Without AppleCare+
RHW0NI1KI798M,B0D4SX9RC6,5.0 out of 5 stars Awesome speaker,Manuel N.,5,I love how well it integrates with iPhone and sounds great. Pretty cool how it can charge your phone and vice versa. The controls feel premium and very worth the price.,"Reviewed in the United States July 13, 2024",AGEYIJMLWGX23PPOPNT2IVHWA4FA,True,2,Color: Statement RedStyle: PillPattern: Without AppleCare+
R3EIAFTJO1Q4PC,B0D4SX9RC6,3.0 out of 5 stars Overpriced.,ERIK H,3,Wait for a sale because while it sounds good at half volume anything above that starts to immediately diminish the sound quality. The battery also doesn‚Äôt long at louder volume. Nothing at this price range is perfect but I think for MSRP it‚Äôs too expensive. All the big reviewers are praising this but the smaller reviewers all brought these issues up so look at those reviews when deciding if this is right for you.,"Reviewed in the United States September 1, 2024",AEIHKCJB7ZYF6NDKKZTCL2IZS6GQ,True,0,Color: Champagne GoldStyle: PillPattern: Without AppleCare+
R1RPKEE8ZD6IDK,B0D4SX9RC6,5.0 out of 5 stars Grandson loves it!,Joanne D.,5,This was a gift for our grandson for his 17th birthday. He loves it. It has great sound and he's really enjoying it.,"Reviewed in the United States July 20, 2024",AE77CKDWPYO3S5UJK3VG4XAQPDYA,True,1,Color: Matte BlackStyle: PillPattern: Without AppleCare+
RAF2BOV5S6LAQ,B0D4SX9RC6,5.0 out of 5 stars Super,Diego Andrade,5,Great sound,"Reviewed in the United States August 3, 2024",AEYNZHHGLKDIE5GGU3DZ55POPAYQ,True,1,Color: Matte BlackStyle: PillPattern: Without AppleCare+
R3K1D2NKBRSOJ6,B0D4SX9RC6,5.0 out of 5 stars Perfect Sound,"Amazing sound quality and very easy to connect. The style is sleek and stylish, great to use at cookouts, at the pool or just at home, especially if you live in an apartment and cannot use a standard stationary sound system. Love this item and will purchase as a gift as well!",5,Very easy to connect and great sound quality. Perfect for gifts and around the house.,"Reviewed in the United States July 18, 2024",AEARWKR2DZROAW547KAWSHLSANSA,True,1,Color: Matte BlackStyle: PillPattern: Without AppleCare+
RQB2MZ06ANO68,B0D4SX9RC6,5.0 out of 5 stars Everything I was expecting and more,Ken Kessler,5,The sound is great for the size and the battery life is great!,"Reviewed in the United States July 19, 2024",AHPKA35QDJFSHJ2BUVCM4JCBN7XQ,True,1,Color: Matte BlackStyle: PillPattern: Without AppleCare+
R1O7H1E5ZAWKPN,B0D4SX9RC6,5.0 out of 5 stars Beats pill,Joseph Cisneros,5,Awesome,"Reviewed in the United States July 27, 2024",AESLISXTBY5HPUZRHSDLIH3QJCGA,True,0,Color: Statement RedStyle: PillPattern: Without AppleCare+
R18C9SGI40K03G,B0D4SX9RC6,5.0 out of 5 stars Best small portable speaker,djrau,5,"It sounds better than a jbl flip6, it has excellent sound quality. It's just perfect","Reviewed in the United States July 14, 2024",AHFG7EXOHMFXWXHIFYSVJKIIW6ZA,True,1,Color: Champagne GoldStyle: PillPattern: Without AppleCare+
R1FPGFHZ07V4CD,B0D4SX9RC6,5.0 out of 5 stars Best sound as expected,Patriceyouknowme!,5,Compact sound is awesome,"Reviewed in the United States July 19, 2024",AGZX2UIP7E334JFL6QAJISV367PA,True,1,Color: Matte BlackStyle: PillPattern: Without AppleCare+
R3C1OVXH7NLME2,B0D4SX9RC6,5.0 out of 5 stars Nice speaker,Adrian Kelly,5,Good overall sound quality. Returned the soundcore motion 300 for this one,"Reviewed in the United States July 7, 2024",AGGRS4MYTE4BAKJOCG7CLUKEPWKQ,True,1,Color: Champagne GoldStyle: PillPattern: Without AppleCare+
R35DQABEPYTVK6,B0D4SX9RC6,5.0 out of 5 stars Me gusta mucho,Tirso Ram√≥n Viscaya Cabrera,5,Excelente,"Reviewed in the United States July 14, 2024",AES4OHKWNYE5S6MGH7JKMYIPCB5A,True,0,Color: Champagne GoldStyle: PillPattern: Without AppleCare+
RBHF1HBE7ZJGU,B0D4SX9RC6,"5.0 out of 5 stars Impressive, mechanical masterpiece",WLEE1212,5,"I think this was a well done refresh, great quality, decent bass and simple interface.","Reviewed in the United States July 4, 2024",AHAAFOMGR64XJWBPOGGWTDLRZNJQ,True,2,Color: Statement RedStyle: PillPattern: Without AppleCare+
R2KLZXER7B0LQF,B0D4SX9RC6,5.0 out of 5 stars Exactly what I wanted!,Michael Hahn,5,Sounds fantastic with no connection issues. Very happy with purchase.,"Reviewed in the United States July 3, 2024",AGVNRSJDJFKIEYWRYDVO2F5DXKOA,True,1,Color: Matte BlackStyle: PillPattern: Without AppleCare+
R2IL021SJK8WQR,B0D4SX9RC6,5.0 out of 5 stars worth it the purchase,Carlos Cevallos,5,worth it the purchase a 100% porcent,"Reviewed in the United States July 1, 2024",AEZES7JNGIDJU2GVKHLL5DUFHKNA,True,1,Color: Matte BlackStyle: PillPattern: Without AppleCare+
R3J6TCVCK04ACX,B0D4SX9RC6,5.0 out of 5 stars Love it,Amy Stepp,5,Sounds amazing,"Reviewed in the United States June 30, 2024",AEQCGVODZLISVPQPLBGOO7IXHO4A,True,0,Color: Matte BlackStyle: PillPattern: Without AppleCare+
RKR6718ZKA8LK,B0D4SX9RC6,2.0 out of 5 stars 50% good,hassan,2,It‚Äôs not bad at lower a volume it‚Äôs not good at max but it‚Äôs loud with no bass and the call I had to shout lol it needs a up date,"Reviewed in the United States July 26, 2024",AFP33RBICBWL2P4LG3UVF3DGV2WQ,True,1,Color: Champagne GoldStyle: PillPattern: Without AppleCare+
R34781CIXMX0T5,B0D4SX9RC6,1.0 out of 5 stars Why?,David Decker,1,"Long time apple customer. Their product philosophy still a complete mystery to me. Bought several home pods, never could get them to work as expected. Hardware-wise they are amazing and sound great. Good luck getting them to play what you want. Despite the sunk cost of home pods, decided to give Beats a try. Same problems. Can't control it from Apple music. When I turn it on, it starts playing music from somewhere else and I have no idea what it is doing. Not a techno luddite. Have experience as programmer. If it is a mystery to me, probably a mystery to everyone else too. Shame on Apple...","Reviewed in the United States August 29, 2024",AEVNP3FWL2TZHTGIL4IF2VL77DVA,True,0,Color: Matte BlackStyle: PillPattern: Without AppleCare+
R3Q3M1BASZJ2BM,B0D4SX9RC6,2.0 out of 5 stars Good functionality but,S,2,Too much bass and voice distorts on full Volume.I find Earfun Uboom L is better.,"Reviewed in the United States July 1, 2024",AH5NXTZPQY4BTCVH2OIVYWTVHCZQ,True,4,Color: Champagne GoldStyle: PillPattern: Without AppleCare+
RWECEKYZ3ZXL1,B0D4SX9RC6,1.0 out of 5 stars Worst,Golly G-,1,"If you try to use Siri, you have to be right next to the speaker, it deflex Siri from the phone. So if you‚Äôre cooking and your phone is next to you and you say Siri, what time Is it and the speaker is on the other side of the room it won‚Äôt work because she won‚Äôt be able to hear you, because her ears are the speaker","Reviewed in the United States July 30, 2024",AHKOSLF4E3FBSO4WRELEY4USYH6A,True,3,Color: Matte BlackStyle: PillPattern: Without AppleCare+
R2Y9UWGSTDU7QB,B0D4SX9RC6,1.0 out of 5 stars Opened,Alexander,1,Open and no charging cable couldn‚Äôt even get just the cable sent,"Reviewed in the United States August 26, 2024",AEROJGYZT4BXHS5Z34PEBM4O36JA,True,0,Color: Statement RedStyle: PillPattern: Without AppleCare+
R2OYAX691GNN4K,B0D4SX9RC6,5.0 out of 5 stars One of the Best Compact Portable Speakers,Student Nurse,5,"I picked this up at the Apple Store the other day when trading in my old MacBook for the college promo (Gift card of $150 with purchase). With my gift card, I decided to inquire about the new Beats Pill that they have in store. One of the reasons I went for this item is because it was essentially free for me ($150 speaker + $150 Gift Card = Gift to me). Below is my review:Sound Quality: In the formative years of the Beats Pill, it has been a very popular speaker to consumers who are shopping for a unit that is under the $300 price tag. Just like the Beats headphones, this speaker is very well known to the general public & even further to the audiophiles (Like Myself). My first thoughts of the sound quality were ‚ÄúHow is this going to sound?‚Äù, ‚ÄúWill this live up to its price?‚Äù & ‚ÄúHow good is the build quality?‚Äù. Needless to say, when I got it up & running, WOW WAS I IMPRESSED!!!!!!This generation of Beats Pill blows every one off its predecessors in the water. The woofer alone is unbelievably powerful with the incorporation of newer & more durable materials. It reproduces great lows along with outstanding mids & highs. As for the tweeter, I believe this was also upgraded. The clarity from the tweeter is exceptional & performs well even at higher volumes.Build: The new build quality is MUCH more advanced than previous models. To start, the speaker is now on a(n) angle to promote better sound distribution throughout your space. The materials used to bring this speaker together feel very durable & solid. In addition to the new build, the speaker offers a plethora of other great features including a(n) IP67 rating, better battery life & a whole new look.Other Comment(s): The only comment I have about this speaker (Which I am sure is correctable by a software update in the near future) is with the on/off function(s). This was a little tricky for me at first, but I eventually figured it out. In order to turn the speaker on/off, you have to hold the power button for 1-3 seconds (I usually do it for 2 seconds & it works). This may be a turn off for some consumers as a lot of people today don‚Äôt want to go through the trouble of having to learn how to turn it on/off the right way.Overall: I would say that all in all, this is a great speaker for under $200 if you are in the market for great sound quality, portability & power. I bought the ‚ÄúStatement Red‚Äù as the ostentatious or loud red color got my attention & I loved it (I personally like speakers with crazy colors / designs). If you are in the market for one, either buy it here or check it out in person. Needless to say, you won‚Äôt be disappointed with this speaker.","Reviewed in the United States September 4, 2024",AFTRAIYZ5AITM2MEV2H2DNAHW73Q,False,0,Color: Matte BlackStyle: PillPattern: Without AppleCare+
R2RH6ETU2EFCPR,B0D4SX9RC6,1.0 out of 5 stars Buggy software,Oomung Varma,1,Randomly turns on and off after 30 to 40 minutes of use,"Reviewed in the United States June 29, 2024",AHLZNRGDMJJH73X4RBVXXGA7WKQQ,True,4,Color: Champagne GoldStyle: PillPattern: Without AppleCare+
R3A0CT3JVYDFX3,B0D4SX9RC6,4.0 out of 5 stars Bass Heavy,Geomancer,4,"As you can probably tell from the product description heavily focusing on the subwoofer, you won't be surprised to learn that this speaker is very bass heavy. That's fine for songs that complement that kind of sound, but is a determent to anything else. For example listening to an audio book it doesn't sound very good and I actually prefer my phone's built in speaker or a regular set of headphones. There is no EQ feature, even if you download the Beats app. Speaking of the Beats app, it doesn't really have any use. It will tell you battery life, and remind you what the controls are, but that's it. The ""one touch connect"" feature did not work, I had to manually connect in my Bluetooth settings (Android, Samsung Galaxy S20 FE).For controls there are four buttons. A power button, multi-function button (play/pause/next/previous), volume down, and volume up. They are the same color as the speaker, do not light up, and are difficult to see. I initially had some trouble turning it off because you have to hold the power button. However if you don't hold it long enough it just gives you a battery life indicator, hold it too long it goes into pairing mode. You have a 2-3 second window between those two functions to actually get it to turn off.Volume wise, it does get pretty loud. Loud enough to hurt if you're nearby. Bass of course travels well and far, be aware that you will annoy your neighbors if your outside with the volume up. Perhaps even at a mid volume because it is so bass heavy. Not great for apartments because of that, at least if you don't want to be that annoying neighbor.If you have two of these, you can sync them together either to just make them even louder (why would anyone want that? It already hurts at max volume), or as a stereo pair.For the price, I would have preferred a speaker with a more balanced audio profile. For tracks that do emphasize bass though it does sound pretty good. Overall I would classify my annoyances other than the sound profile as minor.","Reviewed in the United States June 28, 2024",AHS6VNLQVHWZLOI3RZ6ZXUWPK4OA,False,12,Color: Matte BlackStyle: PillPattern: Without AppleCare+
R31FPPEOE54HHH,B0D4SX9RC6,4.0 out of 5 stars Not bad for the price,M.J. Shearer,4,"I own a plethora of bluetooth speakers, one even costing 10x this one. But, for a small portable form factor, this pill doesn't sound half bad. It is definitely not my favorite in the sound quality department, but the portability factor makes it a keeper. Right now, I'm testing it on my kitchen window sill and it provides me with adequate sound whilst I rustle up grub for the fam. Highs are clear, mids are punchy, bass is present but it won't knock your socks off. If you're looking for a balance between portability and sound quality, then this might be your ticket at 150$. BUT, if you want better sound quality, save up another 100 bux and you can find a larger (even much larger) speakers that will SA-MOKE this one, but, you WILL sacrifice portability. One issue I found with this speaker is that the rubberized texture on the back is a dust and animal hair magnet. (Two cats and two GSD's...you GSD owners out there know the struggle) It will not wipe clean with your hand, but a very damp paper towel works like a charm.","Reviewed in the United States July 10, 2024",AFIPEJWLO34BKCROKOXTQOTHWOIQ,False,1,Color: Matte BlackStyle: PillPattern: Without AppleCare+
R1IDSWYH8GDHSG,B0D4SX9RC6,5.0 out of 5 stars Beats pill returned with an amazing and sleek speaker for IOS/ android,Alan,5,"This is a very small and compact speaker, but for its size, it packs a serious punch. It's comparable to the JBL Flip 6. Sure, that speaker has even better bass, but this more complete package for its price, with speakerphone and in my opinion, more sexy design.-The bass is great, and the overall mid and high range is excellent, but I wouldn‚Äôt say it‚Äôs the best among portable speakers. This is overall a very bass-heavy speaker. I only own the black one, but I‚Äôm interested in trying out other models when I get a gold one (because it‚Äôs sexy af).-This is definitely the best-looking and sleekest portable speaker. It‚Äôs minimal, smooth, and easy to carry around. Sure, for the price, you can argue that you can get a ‚Äúbetter‚Äù speaker, but what this speaker offers is a well-rounded package: nice sound with great bass, goes well with home decor without sticking out, and minimal with a beautiful design. It's especially easy to access if you're an Apple user. Speakerphone has decent clarity and nice usages in times.-Even though it says 24 hours of battery life, take it with a grain of salt. The fact is, the higher the volume you play, the more battery it consumes because it uses more power in the drivers and woofers to push out bass and sounds. So, don‚Äôt complain too much if you see faster drainage than advertised, lol. I play around 60%-70% volume range and very bass heavy songs. so I get about 6 1/2 hours from what I observed. Yours might vary.-The biggest critique I have is that it‚Äôs the worst-sounding speaker if you go above 80% volume. The distortion and fuzzy sound are awful. The higher the volume, the less bass you‚Äôll hear, and the highs and mids kick in instead. To be fair, most small speakers are like this anyways. The best volume range I found is 30%-70%, especially 60%, which produces the most balanced bass and highs.In conclusion, if you want a small yet sleek speaker with great sound, then this is for you.By the way, don‚Äôt even compare this to the JBL Charge 5. It literally has different usage, and the size difference is there, lmao. A bigger and more expensive speaker can push out more sound and bass, LMAO. So yeah, it‚Äôs kind of like comparing apples to pears, lmao. I only say this because so many people compare this to the Charge 5 or other bigger speakers.","Reviewed in the United States July 1, 2024",AFASPTXSH53KJIWIFP33WH2XDYXA,False,1,Color: Matte BlackStyle: PillPattern: Without AppleCare+
R310R8ZFHHHBI7,B0D4SX9RC6,"5.0 out of 5 stars Pairs in stereo while ""Roam"" ing without WIFI!",jdawz,5,"Bought two JBL Flip 6's and was wowed with the excellent sound BUT, will not play Apple TV without sound delay so back they went. Ponied up for Sonos Roam 2 and they sound great as well AND WILL play Apple TV without delay BUT cannot pair in stereo without WIFI so useless if you are at the beach unless you only want mono and one speaker. Enter Beats Pill - it does it all!!","Reviewed in the United States September 3, 2024",AFNED7OI2U3V2GPP6XHXMYQY5R6Q,False,0,Color: Matte BlackStyle: PillPattern: Without AppleCare+
R2TRMTH5AQ4ML2,B0D4SX9RC6,5.0 out of 5 stars Great for the office,Gail,5,"I love this Beats Pill. It fits nicely on my desk. It's great quality (has a nice weight to it) and easy to use. It has great sound quality too, especially bass. It connected to my Android music player very easily. Sure, I can listen to music on my computer, but I prefer to have music playing in the background which is not interrupted by computer sounds (same reason I use an Android music player instead of my phone to stream music). Overall, I really like this Beats Pill, and I'm glad I ordered it.","Reviewed in the United States September 7, 2024",AFSTPCHMSCLW3BXOBMFT5E3I4XXQ,False,0,Color: Champagne GoldStyle: PillPattern: Without AppleCare+
RCS6YZDDME20Y,B0D4SX9RC6,5.0 out of 5 stars The Pill punches far above it's weight class!!,Brian Severn,5,"Beats Pill (2024) is a high quality product, from the Apple'esque packaging, to the incredible sound output from this small [tiny?] Bluetooth speaker. Incredibly easy to use, connect via Bluetooth and your off to the races.This speaker is about the diameter of a Coke can, albeit longer. It has a pre-attached teather that seems strong enough. Claims to be IP67 water resistant. It comes with a small instruction manual and a USB-C charging cable (USB-C YAY!!!). They claim the battery life is 24 hrs, and it may well be as we've been evaluating it for about a week off and on every day and it's still going strong.I tested it via Bluetooth, mainly streaming via Apple Music, and or it's size it packs quite a punch! Decent mids and highs, and it has bass! Not tons of bass [expected for it's size, it's just physics), but it's decent, if not exceptional given the size of this, but that is expected of any Beats branded speaker product, and this one doesn't disappoint! Another neat feature is that it allows the pairing to two Pill units for stereo music. It's easy to control, there are four buttons: power button, multi-function button (play/pause/next/previous), volume down, and volume up.I really like It also has a built-in mic so you can use it as a speaker phone as well, and it works pretty good.In summary, for the price, compared to other ""party"" speakers around the same price class, the Pill punches far above it's weight class, feature sound clarity with decent bass, lots of volume, and simplicity in design as we've come to expect from Beats. While maybe not the cheapest ""party"" speaker out there, it is among one of the best, if not the best, in it's price class.","Reviewed in the United States July 13, 2024",AGMUT4BKXZBD5PKSMOD2QHVHSKZA,False,1,Color: Statement RedStyle: PillPattern: Without AppleCare+
R38MVWBO98BD8J,B0D4SX9RC6,5.0 out of 5 stars Amazing Sound and Versatility,Jennifer,5,"It‚Äôs not just a speaker, but also a portable wireless charger and a great companion for any music lover on the go. The sound from this small speaker is impressive. The bass is rich, and the mids and highs are clear, delivering a full, immersive audio experience. With up to 24 hours of battery life, this speaker lasts through even the longest days. The speaker connects seamlessly with both Apple and Android devices. Pairing is quick and easy, and the connection remains stable without any drops. There is a built-in microphone that is a handy feature for taking calls or using voice commands. The call quality is clear, and the microphone picks up my voice well, even in noisy environments. The Campagne Gold color is sleek, modern, and looks great in any setting.","Reviewed in the United States August 16, 2024",AHGIRPLC3C4YSW64WOAY525HCFFA,False,0,Color: Champagne GoldStyle: PillPattern: Without AppleCare+
RPCYETQZKFGZD,B0D4SX9RC6,5.0 out of 5 stars Compact and powerful speaker...,Customer Review,5,"This Beats Pill speaker is a fantastic portable speaker. It‚Äôs compact and easy to take anywhere. It has a detachable lanyard that makes it easy to carry, and a silicone backing for an easy grip. Despite the small size, it delivers powerful sound with good bass and clear highs. I mostly use this out by the pool, so I like the IP67 water rating. It‚Äôs been heavily splashed several times, with no ill effects. The battery life is excellent, and easily lasts me through a couple of days of listening. It comes with a USB-C TO USB-C charging cable.I love that this doubles as a speakerphone. I can connect it to my laptop for work calls, and the sound quality is excellent. Beats is a quintessentially Apple product, but don‚Äôt let that scare you off if you‚Äôre an Android fan like myself. This was simple to connect in my Bluetooth settings with both my Samsung S23 Ultra phone and my Samsung S9 Ultra tablet.","Reviewed in the United States August 23, 2024",AEPI6BTNSZSAVWPUS4TJZHB5PHGA,False,0,Color: Matte BlackStyle: PillPattern: Without AppleCare+
R79VHEG3MRQ59,B0D4SX9RC6,5.0 out of 5 stars And can be tracked! One less thing to lose,SupremeLeader,5,So got the new beats pill to replace my old Bluetooth speaker and it‚Äôs night and day difference. The sound is clear and loud. The bass is rich without being to over-powered and muffling the rest of the music. Real sturdy build. Rated high against dirt and water which is perfect for taking to the beach. Love this purchase.,"Reviewed in the United States August 15, 2024",AEKPFREYGEQXENOASYKG4CLWWSUQ,False,0,Color: Champagne GoldStyle: PillPattern: Without AppleCare+
R242Z5FP4KS18D,B0D4SX9RC6,5.0 out of 5 stars great sound!! WOW!,Barbie Xon,5,"This little speaker has power. It's deep, krisp bass is my favorite. Everything sounds amazing through this speaker. I like that it is part of the apple family and I can easily move from one device to another quickly and seamlessly.The only minor thing i dont like is that the buttons are a little confusing. there are only 4 of them but you access certain features by long pressing or pressing combinations of buttons which is just unnecessarily complicated. I understand the reason why- its inline with the clean minimalist aesthetic that Steve Jobs expected of all apple products . Even though these are not apple branded they are clearly still part of apples extended family of accessories...","Reviewed in the United States August 9, 2024",AF2U2AHPXHM6SNVWMXYAEJUVXJ7A,False,0,Color: Champagne GoldStyle: PillPattern: Without AppleCare+
R2Q5S6NBO94XT3,B0D4SX9RC6,5.0 out of 5 stars Quality Sound.,Mrs. Robinson,5,"I ordered this for use at work.I used to listen to podcasts and music via my phone.I didn't know how average the sound was until I hooked up this Beats Pill as my bluetooth speaker.The sound is so superior. I can never go back to the old, tinny sound of my phone.Very satisfied.","Reviewed in the United States August 20, 2024",AEY4QMUNQW6ZMV72UEWBROBBPKVQ,False,0,Color: Matte BlackStyle: PillPattern: Without AppleCare+
RXEB0J02BJTQM,B0D4SX9RC6,5.0 out of 5 stars So much from such a small speaker,Roger Hajali,5,This is a great speaker and speakerphone. My old JBL speaker didn't have a mic. a nice addition and better sound then my old flip5. Waterproof and powerful. Looks slick and doesn't feel like it will be damaged in my backpack. Still on the first charge,"Reviewed in the United States August 15, 2024",AG77ZMFALEY4KAGR44CGIK7ZRZMQ,False,0,Color: Champagne GoldStyle: PillPattern: Without AppleCare+
RH5XTQ13T4DZ9,B0D4SX9RC6,5.0 out of 5 stars Beats is BACK!,Justin,5,"Look, don't tell Dr. Dre this but I really wanted a new Beats Pill as my dedicated shower speaker. Just something I can set on the shelf by the shower and jam out to without worrying about it getting wet. I misplaced my old one years ago and I always liked the pill shaped form factor.Fast forward to 2024, and we have a brand new Beats Pill that is redesigned from the old model. You still get the pill shape, but now there's some nice updates like the lossless type C listening, improved bass drivers and larger battery capacity...about of days worth of Beats now!The packaging and design are definitely exquisite...it is an Apple product, and it shows in the design and style. There's support for both Apple and Android too which is nice.Sound quality is superb as expected too. Sharp highs and nice thick, booming bass. It definitely leans to a heavier bass sound, which is fine as the end result is still really balanced and crisp.The verdict? A triumphant return for the Beats Pill üî•","Reviewed in the United States July 28, 2024",AGUNDWUBZ43QVKTJIDCCLWKVJZGA,False,0,Color: Matte BlackStyle: PillPattern: Without AppleCare+
R2W2XN52WGT97C,B0D4SX9RC6,5.0 out of 5 stars HUGE audio punch in a small package - just what you expect from Beats!,Brett,5,"Beats has long been popular for producing audio products - headphones, earbuds, speakers and so on - with great sound that are loud and pack a punch in the form of ""boosted"" bass notes. In that case, this new Pill wireless speaker is more of the same great recipe. In a fairly compact form factor you get a Bluetooth speaker (it can connect with any Bluetooth device though the documentation is focused rightfully on what most people will do - either Apple or Android phones) that gets VERY loud with VERY rich/boosted bass. The audio is also clear for things like spoken word, so that's a positive overall.Outside of that, the Pill is water resistant (not waterproof, so don't drop it in the pool or leave it out in a thunderstorm, but it's okay - probably - if it gets splashed a bit or drizzled on somewhat - meaning that it's great for outdoor parties given the volume) and has solid battery life. I do like that it can act as a portable battery bank, charging phones if you need to. It's not the primary function, but it's nice to see manufactures add value-added extra functionality that doesn't require any extra accessories or things to carry along. The Pill appears to be very well-built and should prove quite durable. As an added bonus, all the packaging is recyclable - kudos to Beats on that!So if you like your music loud and bass heavy, then this is the wireless speaker for you. If that's the case, give it a try today!","Reviewed in the United States June 30, 2024",AGN7FGMJLQ4WZBWMAZMMJYJOFPSQ,False,0,Color: Matte BlackStyle: PillPattern: Without AppleCare+
R3CN0UGVVUZN74,B0D4SX9RC6,5.0 out of 5 stars WOW! this is a must!,AV,5,"First, this was an amazing find. All of our headphones are Beats and the boomboxes JBL, so this is a first for me. Let me start by saying, this beat pill sounds amazing and better than my bigger than the pill jbl. Is worth every penny. I love listening to music and I always need a speaker close by, I even wear headphones to work because I need music. This little pill, sounds amazing even in the open patio. This is def my new favorite speaker. Highly recommend.","Reviewed in the United States August 6, 2024",AEYR4DDX5PE4PL7WZHKYEMUPKBGQ,False,0,Color: Matte BlackStyle: PillPattern: Without AppleCare+
RG4VFNO4KHL0O,B0D4SX9RC6,5.0 out of 5 stars Great speaker,K Rapp,5,I bought this speaker off of Apple online in the statement red! The color is beautiful and the sound it puts out is amazing !,"Reviewed in the United States July 31, 2024",AHNCYPGEWYA2KDTIGZSFYNP5YAIQ,False,0,Color: Matte BlackStyle: PillPattern: Without AppleCare+
R1UNWOCI4XII,B0D4SX9RC6,5.0 out of 5 stars portable size,Happy CA,5,Lots of sound packed in a small speaker! The size of the speaker is slightly smaller than I anticipated but it does not reduce the amount of sound that comes out if it. The speaker's texture is smooth and the red is very eye-popping. Super easy to link to my phone. I was able to get it up and running within a minute. The buttons are very intuitive. The charge head is on the back which allows us to continue using the speaker while it's being charged. Charge time is relatively short and battery lasts for hours. I love that there's an auto power down feature so the batter doesn't drain when you forget to turn off the speaker.,"Reviewed in the United States July 8, 2024",AEGE5OK2A4AGBMQ3OGOX5B6FR7LQ,False,0,Color: Statement RedStyle: PillPattern: Without AppleCare+
R1WGS76J7H1664,B0D4SX9RC6,"5.0 out of 5 stars Overpriced IMO, but excellent sound quality",Prefectionist,5,"With any product that is this new, it's difficult to tell how enduring the battery life will be over the months and years. Thus far, the performance has been amicable and I'm pleased with how the sound from this modestly sized speaker fills my living room. Even outdoors, the sound carries but doesn't blow out everything else around it. I've had plenty of bluetooth speakers over the years, and this one is near the top for most important factors such as sound quality, battery life, connectivity, and water resistance. It's a perfect little beach speaker! Connects immediately with mine and my spouse's Android phones; can't say for iPhones.","Reviewed in the United States July 5, 2024",AEP6LM43MWCBTOGT3APWMVNVVHJQ,False,0,Color: Matte BlackStyle: PillPattern: Without AppleCare+
RUYA2OVG0565,B0D4SX9RC6,5.0 out of 5 stars Exactly as expected - Great,LS.,5,"I have always been a fan of Beats products and they are well known for being high quality so this newest version of the Beats pill did not disappoint. It sounds great, it can get very loud for just a small little speaker and has very clear sound with exceptional bass woofer. It has a long battery life, charges very quickly and an updated USB-C charging port. It also comes with a code for a free trial of Apple Music and the option to add Apple Care+ and the option to add it to Find My device through Apple.","Reviewed in the United States July 8, 2024",AGXPYVNF5UJTRYMSU66VJDZGYTFQ,False,0,Color: Champagne GoldStyle: PillPattern: Without AppleCare+
R2F0KIF8NGTETI,B0D4SX9RC6,5.0 out of 5 stars Sounds great,R. Story,5,I am kind of a music snob so I am pretty picky with speakers. For the size of this thing I am not sure I could ask for better. I have a list of songs that I listen to on any new speakers or headphones that I get. I want to hear every note from every instrument and the vocals. I want every thing to be be crisp and clear. If I cant adjust my eq to make that happen (different songs have different settings) then I dont keep it.This little speaker just sounds good. I have had beats products before and was happy with them. This is probably my favorite. It is super easy to connect to my samsung s24 ultra. As soon as I turned it on a notification showed on my phone asking if I wanted to connect it. It sent me to the play store to download the app for it and then I was listening to music.Super easy to connect. Looks great (I have the red one). Sounds really good. Definitely 5 stars.,"Reviewed in the United States June 28, 2024",AHPFQJOBDSEYO7IAURRSWDCDZZFA,False,0,Color: Statement RedStyle: PillPattern: Without AppleCare+
R2LR6Z1P8R9XRY,B0D4SX9RC6,"5.0 out of 5 stars Excellent portable, wireless speaker - and stylish",Amanda999,5,"Love the Beats Pill. Easily connected to my (Android) Pixel 7 Pro via Bluetooth. Good battery life. Lightweight - very easy to carry to different rooms or garage, wherever you are working/hanging out. I like the stylish but minimalist look. Got the tan so it wouldn't show dust like black would (the red looks great but I wanted a speaker to sit on a bookshelf and not stand out too much.) It is great that it works with both Android and iOs - I have music and audio books on both my iPad and Pixel 7 Pro phone, so this is very convenient. Highly recommended.","Reviewed in the United States July 2, 2024",AHLK2LAWI4UYYTYTF5PQQE3RTDYQ,False,0,Color: Champagne GoldStyle: PillPattern: Without AppleCare+
R13BNKZHOFP9ZY,B0D4SX9RC6,5.0 out of 5 stars The best portable speaker ever!,Amazon Customer,5,"I almost don't even know how to describe how good this speaker sounds!100 watts is crazy for this small of a speaker! It sounds so good!The base is deep and the sound is smooth. Really great quality and it's definitely durable! I love the silicone base as I have small children. (It's been picked up and dropped a few times lol)It connects to all of my devices, no problems.An investment in a high quality speaker that will last for years, definitely worth every penny!","Reviewed in the United States July 2, 2024",AEUPUISBFVLB3UJUPI45NFFJVLKQ,False,0,Color: Matte BlackStyle: PillPattern: Without AppleCare+
R3OEQ3IQDA17MM,B0D4SX9RC6,5.0 out of 5 stars Great portable speaker,Chris C.,5,"This Bluetooth speaker has surprisingly good sound for a portable speaker. The bass is even pretty good, punchy, just a little muddy sounding, but better than other brands I‚Äôve used. I like the clean matte black look, though the silicone does attract a lot of dust. So far, the battery life and range seem good.","Reviewed in the United States July 5, 2024",AFTWARLQVJTHB72WJPNDITDRAZEA,False,0,Color: Matte BlackStyle: PillPattern: Without AppleCare+
R1Q9V2VB0PBDGS,B0D4SX9RC6,5.0 out of 5 stars Amazing product!,Lisa,5,This speaker excelled my expectations! It is bug enough to play loud but small enough to store easy and travel. We used it at birthday parties and the beach and it was perfect for both. Great sound and did not take up any space traveling. So glad i got this! 100% recommend.,"Reviewed in the United States July 7, 2024",AHEIP6M4RBJTXJKY7JUJGPZUPFNA,False,0,Color: Champagne GoldStyle: PillPattern: Without AppleCare+
R38GQ5W13HCMHD,B0D4SX9RC6,5.0 out of 5 stars good sound quality,Jenglish,5,"Use this for multiple purposes. Sound is great, loud and better then other speakers I have used. The speaker is not very bassy but for my purpose that is fine. The duration of the battery is good also. I have ran it for a few hours before it started to disconnect and reconnect due to lack of power. Over all I will be recommend this to friends and family.","Reviewed in the United States July 3, 2024",AE7IMI3VBIXINRWLBEJW3LXMIDEQ,False,0,Color: Matte BlackStyle: PillPattern: Without AppleCare+
RS2F0P510KB7D,B0D4SX9RC6,5.0 out of 5 stars Loudest and Best Bluetooth Speaker of this Size,J. H.,5,The beats pill has a strong legacy. This 2024 model is the best yet. It does everything! Yes it has a mic. Yes it can charge your phone. Yes IT HAS LOSSLESS AUDIO THROUGH USB-C! Yes it is extremely loud but crisp. The bass is amazing. It has an easy interface with iPhones.It‚Äôs cheap!! And yes it‚Äôs waterproof and sand and dustproof!!,"Reviewed in the United States June 29, 2024",AH2FXPMEMMVDOAQ7VJVKHLM53EFA,False,3,Color: Matte BlackStyle: PillPattern: Without AppleCare+
R3KPQBYL6X3PQX,B0D4SX9RC6,3.0 out of 5 stars Sounds good. Not overly loud. Needs more buttons,Carpe_Diem,3,"This Bluetooth speaker is on the higher end of the price range for a small form factor speaker.Priced similarly to the JBL Extreme 2 (which I also have) the sound quality is about the same. Which is to say, very good for a small speaker.Compared to the JBL, the Beats Pill is:Not as loudHas a slightly better sound quality.Slightly smallerDoes not have a carrying strap (which you can also use to hang the speaker)Pairs automatically with Apple devices and can be tracked using Find MyBoth offer multiple speaker pairing.My biggest complaint about the Pill is that there are just not enough buttons. There is no dedicated power button, and in fact there are no instructions anyplace in the Apple/Beats ecosystem that tell you how to turn it off. (Push the Action button for more than 1, but less than 1.8 seconds.... how dumb is that?) With only 4 buttons, there are too many button sequence combos to remember. Seriously, a volume up/down AND a track up/down would have made life so much easier.All in all, this is a nice sounding Bluetooth speaker, with some good features, let down with a dumb user interface. If you don't mind learning a few tricks to use this device it will be great.However, if you are one of those people who doesn't read instructions, get something that is more intuitive to use.","Reviewed in the United States July 19, 2024",AEI3MIZ54YO5TX6CXG6OE5HGGGXA,False,0,Color: Matte BlackStyle: PillPattern: Without AppleCare+
R16YQMK6DBJQBM,B0D4SX9RC6,"3.0 out of 5 stars Great sound, but MONO ruins it!",B Lii,3,"I was stoked to try a speaker from Beats with a great battery life and increased output; however, not having any stereo image from a speaker this wide is just silly, I‚Äôm sorry.I‚Äôll stick with the Wonderboom or Everboom. Wish they‚Äôd make a Wonderboom with USB-C, but the stereo imaging on it, even with slightly less bass and output than the Beats Pill is where it‚Äôs still at for me.I love a good stereo image too much to keep a mono product, sorry!","Reviewed in the United States July 12, 2024",AHPZCQ2XOKQNJY2SIWQ4FRTHHDLQ,False,0,Color: Champagne GoldStyle: PillPattern: Without AppleCare+
R2H42JDX6Y37E,B0D4SX9RC6,5.0 out of 5 stars Best beats pill ever !,B,5,If you‚Äôre in need of a new lightweight portable speaker that‚Äôs compatible with iOS and Android this is the one for you.,"Reviewed in the United States June 30, 2024",AFNLS7O6IJVQTC4QVORI4QIHSAEA,False,1,Color: Statement RedStyle: PillPattern: Without AppleCare+
R3L2A88GOC5G6I,B0D4SX9RC6,5.0 out of 5 stars Good speaker,Oli Rivers,5,"The media could not be loaded. For a smallish / portable sized speaker, this sounds great. Works well with my iPhone and sounds high quality and clear with music, which is what it‚Äôs for. The bass on this speaker is awesome, so if that‚Äôs something you enjoy, you‚Äôll enjoy this. And of course the iconic design still looks fun and unique. It also came with stickers, a cable, and instructions + a bonus. I accidentally got two of the packet things but I‚Äôm not complaining at all haha","Reviewed in the United States July 1, 2024",AFZK22BJRF7EXCXKGIVXNXI2BPPA,False,6,Color: Matte BlackStyle: PillPattern: Without AppleCare+
R99X2DXJ9IWPM,B0D4SX9RC6,5.0 out of 5 stars Rlly good,Luis dejesus,5,The media could not be loaded. Great audio loud and just looks rlly good.,"Reviewed in the United States July 2, 2024",AGANNLHAZNLD5K6NVFMJX3X6HFEQ,False,6,Color: Statement RedStyle: PillPattern: Without AppleCare+
R2AZVHS8KVEN85,B0D4SX9RC6,1.0 out of 5 stars Switches off quickly and unexpectedly even when fully charged.,Dr. Help,1,"Had great hopes for this speaker, but unfortunately, it switches off randomly even when fully charged. Sometimes this happens in less than 30 min which is a big problem because it's battery life is supposed to be much longer than that. It's beautifully made and looks elegant like Beats products do, but unfortunately, it just does not work like it's supposed to.I will update this review if needed based on further experience.","Reviewed in the United States July 31, 2024",AH2LWMGL3K3SJYIKYDMISWPBAIWQ,False,5,Color: Matte BlackStyle: PillPattern: Without AppleCare+
